A08325482;;1173639402.html
A08325482;;1173639402.xsig
A08431090;;AGE_69547982_006663.F20170315.xsig
A08431090;;anexo_1.pdf
A08431090;;AGE_66406674_003297.F20170105.xsig
A08431090;;anexo_1.pdf
A08431090;;AGE_66418548_000160.F20170106.xsig
A08431090;;anexo_1.pdf
A08431090;;AGE_66418539_000155.F20170106.xsig
A08431090;;anexo_1.pdf
A08431090;;AGE_66420315_000709.F20170106.xsig
A08431090;;anexo_1.pdf
A08431090;;AGE_66420333_000726.F20170106.xsig
A08431090;;anexo_1.pdf
A08431090;;AGE_66420323_000716.F20170106.xsig
A08431090;;anexo_1.pdf
A08431090;;AGE_66420329_000722.F20170106.xsig
A08431090;;anexo_1.pdf
A08431090;;AGE_66420206_000652.F20170106.xsig
A08431090;;anexo_1.pdf
A08431090;;AGE_66420328_000721.F20170106.xsig
A08431090;;anexo_1.pdf
A08431090;;AGE_66420330_000723.F20170106.xsig
A08431090;;anexo_1.pdf
A08431090;;AGE_66420344_000737.F20170106.xsig
A08431090;;anexo_1.pdf
A08431090;;AGE_66411593_004469.F20170105.xsig
A08431090;;anexo_1.pdf
A08431090;;AGE_66420334_000727.F20170106.xsig
A08431090;;anexo_1.pdf
A08431090;;AGE_66420349_000741.F20170106.xsig
A08431090;;anexo_1.pdf
A08431090;;AGE_66420336_000729.F20170106.xsig
A08431090;;anexo_1.pdf
A08431090;;AGE_66420335_000728.F20170106.xsig
A08431090;;anexo_1.pdf
A08431090;;AGE_66420338_000731.F20170106.xsig
A08431090;;anexo_1.pdf
A08431090;;AGE_66420471_000785.F20170106.xsig
A08431090;;anexo_1.pdf
A08431090;;AGE_66420343_000736.F20170106.xsig
A08431090;;anexo_1.pdf
A08431090;;AGE_66420342_000735.F20170106.xsig
A08431090;;anexo_1.pdf
A08431090;;AGE_66420362_000754.F20170106.xsig
A08431090;;anexo_1.pdf
A08431090;;AGE_66420345_000738.F20170106.xsig
A08431090;;anexo_1.pdf
A08431090;;AGE_66420348_000740.F20170106.xsig
A08431090;;anexo_1.pdf
A08431090;;AGE_66420346_000739.F20170106.xsig
A08431090;;anexo_1.pdf
A08431090;;AGE_66420660_000955.F20170106.xsig
A08431090;;anexo_1.pdf
A08431090;;AGE_66420671_000966.F20170106.xsig
A08431090;;anexo_1.pdf
A08431090;;AGE_69547984_006665.F20170315.xsig
A08431090;;anexo_1.pdf
A08431090;;AGE_66432738_003565.F20170106.xsig
A08431090;;anexo_1.pdf
A08431090;;AGE_66442992_006034.F20170106.xsig
A08431090;;anexo_1.pdf
A08431090;;AGE_66423448_002599.F20170106.xsig
A08431090;;anexo_1.pdf
A08431090;;AGE_66423447_002598.F20170106.xsig
A08431090;;anexo_1.pdf
A08431090;;AGE_66442993_006035.F20170106.xsig
A08431090;;anexo_1.pdf
A08431090;;AGE_66430516_003219.F20170106.xsig
A08431090;;anexo_1.pdf
A08431090;;AGE_66433939_003607.F20170106.xsig
A08431090;;anexo_1.pdf
A08431090;;AGE_66442671_005720.F20170106.xsig
A08431090;;anexo_1.pdf
A08431090;;AGE_66450539_012594.F20170106.xsig
A08431090;;anexo_1.pdf
A08431090;;AGE_66450541_012596.F20170106.xsig
A08431090;;anexo_1.pdf
A08431090;;AGE_66447465_009978.F20170106.xsig
A08431090;;anexo_1.pdf
A08431090;;AGE_67924308_007875.F20170204.xsig
A08431090;;anexo_1.pdf
A08431090;;AGE_67924323_007890.F20170204.html
A08431090;;AGE_67924323_007890.F20170204.xsig
A08431090;;AGE_67926080_009458.F20170204.xsig
A08431090;;anexo_1.pdf
A08431090;;AGE_67926079_009457.F20170204.xsig
A08431090;;anexo_1.pdf
A08431090;;AGE_67926082_009460.F20170204.xsig
A08431090;;anexo_1.pdf
A08431090;;AGE_67926105_009479.F20170204.xsig
A08431090;;anexo_1.pdf
A08431090;;AGE_67926081_009459.F20170204.xsig
A08431090;;anexo_1.pdf
A08431090;;AGE_67987687_001214.F20170206.html
A08431090;;AGE_67987687_001214.F20170206.xsig
A08431090;;anexo_1.pdf
A08431090;;AGE_67926078_009456.F20170204.xsig
A08431090;;anexo_1.pdf
A08431090;;AGE_67927931_011072.F20170204.xsig
A08431090;;anexo_1.pdf
A08431090;;AGE_67927938_011078.F20170204.xsig
A08431090;;anexo_1.pdf
A08431090;;AGE_67927929_011071.F20170204.xsig
A08431090;;anexo_1.pdf
A08431090;;AGE_67927937_011076.F20170204.xsig
A08431090;;anexo_1.pdf
A08431090;;AGE_67927947_011083.F20170204.xsig
A08431090;;anexo_1.pdf
A08431090;;AGE_67927949_011085.F20170204.xsig
A08431090;;anexo_1.pdf
A08431090;;AGE_67927657_010852.F20170204.xsig
A08431090;;anexo_1.pdf
A08431090;;AGE_67927658_010853.F20170204.xsig
A08431090;;anexo_1.pdf
A08431090;;AGE_67927664_010860.F20170204.xsig
A08431090;;anexo_1.pdf
A08431090;;AGE_67927663_010858.F20170204.xsig
A08431090;;anexo_1.pdf
A08431090;;AGE_67927661_010856.F20170204.xsig
A08431090;;anexo_1.pdf
A08431090;;AGE_67927666_010861.F20170204.xsig
A08431090;;anexo_1.pdf
A08431090;;AGE_67987777_001264.F20170206.xsig
A08431090;;anexo_1.pdf
A08431090;;AGE_67927670_010864.F20170204.xsig
A08431090;;anexo_1.pdf
A08431090;;AGE_67927907_011058.F20170204.xsig
A08431090;;anexo_1.pdf
A08431090;;AGE_67930184_012623.F20170204.xsig
A08431090;;anexo_1.pdf
A08431090;;AGE_67930241_012667.F20170204.xsig
A08431090;;anexo_1.pdf
A08431090;;AGE_69547991_006669.F20170315.xsig
A08431090;;anexo_1.pdf
A08431090;;AGE_69153815_010378.F20170306.xsig
A08431090;;anexo_1.pdf
A08431090;;AGE_69219999_002660.F20170308.xsig
A08431090;;anexo_1.pdf
A08431090;;AGE_69220003_002662.F20170308.xsig
A08431090;;anexo_1.pdf
A08431090;;AGE_69206205_013544.F20170307.xsig
A08431090;;anexo_1.pdf
A08431090;;AGE_69206222_013551.F20170307.xsig
A08431090;;anexo_1.pdf
A08431090;;AGE_69206234_013560.F20170307.xsig
A08431090;;anexo_1.pdf
A08431090;;AGE_69206395_013635.F20170307.xsig
A08431090;;anexo_1.pdf
A08431090;;AGE_69206230_013555.F20170307.xsig
A08431090;;anexo_1.pdf
A08431090;;AGE_69206241_013563.F20170307.xsig
A08431090;;anexo_1.pdf
A08431090;;AGE_69206266_013577.F20170307.xsig
A08431090;;anexo_1.pdf
A08431090;;AGE_69206300_013594.F20170307.xsig
A08431090;;anexo_1.pdf
A08431090;;AGE_69213330_017074.F20170307.xsig
A08431090;;anexo_1.pdf
A08431090;;AGE_69216402_000085.F20170308.xsig
A08431090;;anexo_1.pdf
A08431090;;AGE_69216409_000088.F20170308.xsig
A08431090;;anexo_1.pdf
A08431090;;AGE_69159659_013288.F20170306.xsig
A08431090;;anexo_1.pdf
A08431090;;AGE_69159662_013291.F20170306.xsig
A08431090;;anexo_1.pdf
A08431090;;AGE_69195343_009158.F20170307.xsig
A08431090;;anexo_1.pdf
A08431090;;AGE_69216416_000093.F20170308.xsig
A08431090;;anexo_1.pdf
A08431090;;AGE_69216517_000157.F20170308.xsig
A08431090;;anexo_1.pdf
A08431090;;AGE_69159664_013292.F20170306.xsig
A08431090;;anexo_1.pdf
A08431090;;AGE_69159666_013293.F20170306.xsig
A08431090;;anexo_1.pdf
A08431090;;AGE_69216443_000110.F20170308.xsig
A08431090;;anexo_1.pdf
A08431090;;AGE_69216453_000115.F20170308.xsig
A08431090;;anexo_1.pdf
A08431090;;AGE_69159667_013294.F20170306.xsig
A08431090;;anexo_1.pdf
A08431090;;AGE_69159670_013295.F20170306.xsig
A08431090;;anexo_1.pdf
A08431090;;AGE_69159672_013296.F20170306.xsig
A08431090;;anexo_1.pdf
A08431090;;AGE_69198460_010258.F20170307.xsig
A08431090;;anexo_1.pdf
A08431090;;AGE_69198487_010268.F20170307.xsig
A08431090;;anexo_1.pdf
A08431090;;AGE_69224017_004749.F20170308.xsig
A08431090;;anexo_1.pdf
A08431090;;AGE_69232152_005926.F20170308.xsig
A08431090;;anexo_1.pdf
A08431090;;AGE_69192108_008005.F20170307.xsig
A08431090;;anexo_1.pdf
A08431090;;AGE_69203869_012538.F20170307.xsig
A08431090;;anexo_1.pdf
A08431090;;AGE_69192112_008007.F20170307.xsig
A08431090;;anexo_1.pdf
A08431090;;AGE_69196347_009494.F20170307.xsig
A08431090;;anexo_1.pdf
A08431090;;AGE_69200368_011053.F20170307.xsig
A08431090;;anexo_1.pdf
A08431090;;AGE_69158240_012497.F20170306.xsig
A08431090;;anexo_1.pdf
